-- Insert 18 records into storefront Table
INSERT INTO storefront (fronted_product_id, product_id, fronted_amount, created_at) VALUES
(1, 10, 4, '2024/06/13'),
(2, 11, 11, '2024/09/16'),
(3, 13, 45, '2023/11/16'),
(4, 1, 1, '2024/06/12'),
(5, 2, 12, '2024/07/29'),
(6, 5, 5, '2024/06/04'),
(7, 15, 47, '2024/08/27'),
(8, 18, 14, '2024/01/28'),
(9, 6, 6, '2024/04/01'),
(10, 8, 12, '2024/06/27'),
(11, 12, 50, '2024/02/14'),
(12, 14, 38, '2024/07/08'),
(13, 3, 31, '2024/03/19'),
(14, 4, 27, '2024/01/14'),
(15, 7, 25, '2024/05/01'),
(16, 9, 5, '2024/06/04'),
(17, 17, 47, '2024/08/27'),
(18, 16, 14, '2024/01/28');

-- Insert 20 records into storage Table
INSERT INTO storage (stored_product_id, product_id, stored_amount, created_at) VALUES
(1, 8, 65, '2024/04/23'),
(2, 10, 69, '2024/01/31'),
(3, 18, 105, '2024/10/04'),
(4, 17, 126, '2024/08/20'),
(5, 1, 163, '2024/07/11'),
(6, 16, 184, '2023/03/02'),
(7, 11, 169, '2024/08/30'),
(8, 12, 185, '2024/04/14'),
(9, 2, 176, '2024/07/18'),
(10, 9, 200, '2024/04/16'),
(11, 15, 181, '2023/07/25'),
(12, 19, 120, '2023/12/04'),
(13, 3, 109, '2024/07/18'),
(14, 20, 79, '2024/01/13'),
(15, 13, 98, '2023/07/20'),
(16, 14, 184, '2023/03/02'),
(17, 5, 169, '2024/08/30'),
(18, 6, 185, '2024/04/14'),
(19, 7, 176, '2024/07/18'),
(20, 4, 200, '2024/04/16');

-- Insert 20 records into products Table
INSERT INTO products (product_id, product_name, product_batch, selling_price, buying_cost, create_date, expire_date, distributor_id) VALUES
(1, 'Tomato sauce', '4096426814', 25.75, 20.89, '2023/10/20', '2025/09/26', 2),
(2, 'Soysauce', '2318845743', 12.29, 10.14, '2023/06/24', '2025/02/29', 5),
(3, 'Salt', '0207051135', 30.74, 25.31, '2023/09/25', '2025/03/26', 6),
(4, 'Sugar', '5045279130', 40.24, 41.58, '2023/08/28', '2025/09/11', 6),
(5, 'Squash', '6587848648', 50.58, 30.97, '2024/08/16', '2024/09/29', 4),
(6, 'Carrots', '5590653452', 60.94, 50.01, '2024/08/02', '2024/09/15', 4),
(7, 'Canned Mushrooms - Honey', '7890345054', 26.48, 20.42, '2023/07/25', '2025/11/22', 3),
(8, 'Canned Sardines', '1002421306', 13.27, 10.09, '2023/10/08', '2025/10/10', 2),
(9, 'Condensed Milk', '7557769821', 27.61, 22.88, '2023/03/25', '2025/09/05', 5),
(10, 'Corn Beef', '2321063424', 30.39, 26.31, '2023/11/02', '2025/11/13', 1),
(11, 'Evaporated Milk', '1697167055', 27.52, 22.3, '2023/03/18', '2025/10/19', 5),
(12, 'Meatloaf', '8734925945', 35.46, 29.65, '2023/11/20', '2025/10/09', 1),
(13, 'Instant Coffee', '8980475314', 25.88, 19.01, '2023/02/27', '2024/12/27', 1),
(14, 'Vinegar', '2233491211', 18.57, 13.21, '2023/09/05', '2025/05/27', 2),
(15, 'Softdrink - 1.5 liter', '9167506917', 46.1, 34.25, '2023/02/12', '2025/05/15', 5),
(16, 'Canned Pineapples', '4096426814', 31.75, 26.89, '2023/10/20', '2025/09/26', 3),
(17, 'Cucumber', '4096426814', 41.75, 36.89, '2024/08/20', '2024/09/26', 4),
(18, 'Cabbage ', '9167506917', 56.1, 44.25, '2024/08/12', '2024/09/25', 4),
(19, 'Canned Sardines', '4096426814', 13.75, 10.89, '2023/10/20', '2025/09/26', 2),
(20, 'Corn Beef', '4096426814', 31.75, 26.89, '2023/10/20', '2025/09/26', 1);

-- Insert 6 records into distributors Table
INSERT INTO distributors (distributor_id, distributor_name, distributor_location, distributor_active) VALUES
(1, 'Stokes LLC', 'Texas', FALSE),
(2, 'Cole-Rau', 'Georgia', TRUE),
(3, 'Haag, Kuphal and Jacobson', 'Texas', TRUE),
(4, 'Price, Champlin and Berge', 'Oklahoma', TRUE),
(5, 'Wilderman and Sons', 'Texas', TRUE),
(6, 'Kub and Sons', 'Texas', TRUE);